,,,,,,,,,,
ESTADO,ATUAÇÃO,COLCHOES,EMPRESA FAT.,EQUIPE DE VENDAS,REPRESENTANTE,PREPOSTO,PREPOSTO,PREPOSTO,ASSISTENTE COMERCIAL,ASSISTENTE COMERCIAL - 2
AC,TODO ESTADO,X,1100,211_VVR E CIA LTDA,"VANUSA VILELA REZENDE
68 98112-3755
vanusa@vvr.net.br ",,,,"KARINA
68 99226-1735
herval@vvr.net.br",
AL,TODO ESTADO,X,1100/1200,187_JEOVA JACINTO DE ALMEIDA," JEOVA JACINTO DE ALMEIDA
81 98152-3910
jeova.almeida@herval.com.br",,,,"AMANDA EDUARDA SILVA MARANCHELLI
51 99311-2135
amanda.maranchelli@herval.com.br",
AL,TODO ESTADO,,1100,173_LCV REPRES LTDA,"LUIZ CARLOS SFOGGIA
71 99191-1009
luiz@lcvconsulting.com",,,,,
AM,TODO ESTADO,X,1100/1200,023_DIRETO ,"Lojista Exclusivo DINAMICA (3551148)
Vendas Online: (92) 99149-6707
Matriz - Chapada: (92) 99226-6251
Manauara Shopping: (92) 99231-2492",,,,,
AM,CLIENTE BEMOL (6234749),X,1100,242_L C P DE SOUZA REPRES,"LANE SOUZA
92 98450-5139
lcrepresentacoes2023@gmail.com",,,,,
AP,TODO ESTADO,X,1100/1200,014_I.F.LIMA REPR,"IRIS FARIAS LIMA GALVÃO PEREIRA
91 98011-3738
iris@iflima.com.br","LURDES CRISTINA SILVA PEREIRA
91 98133-3190
lurdescp@gmail.com","IVAN PEREIRA
99 98222-1715 ivanlima.vendas@yahoo.com.br",,"COMERCIAL
DENILSON DUARTE / SAMARA MELO
GABRIELE BRANDÃO
91 99635-7117 (whats)
91 98152-0665 / 99144-1015
91 3249-4448/7773
administrativo@iflima.com.br
comercial@iflima.com.br
vendas@iflima.com.br","ASSISTÊNCIA
ADEMIR PANTALEÃO
KASSIA AGUIAR
91 98125-9890
91 3249-4448
assistencia@iflima.com.br"
BA,"INTERIOR (OESTE/NORTE), REGIÃO DE BARREIRAS",X,1100/1200,205_INTERIOR BAHIA,"IGOR CESAR FERRAZ RODRIGUES GUIMARAES
51 99137-2744
igor.guimaraes@herval.com.br",,,,"WESLEY EDILSON ALVES DA SILVA 
81 98227-0576
wesley.wssilva@herval.com.br",
BA,"VITORIA DA CONQUISTA, REGIÃO JEQUIÉ ",X,1100/1200,204_ESCRITÓRIO SALVADOR,"FABIO MARQUES FIGUEREDO
71 99636-0194
fabio.figueredo@herval.com.br",,,,"WESLEY EDILSON ALVES DA SILVA 
81 98227-0576
wesley.wssilva@herval.com.br",
BA,REGIÃO METROPOLITANA,,1100,173_LCV REPRES LTDA,"LUIZ CARLOS SFOGGIA
71 99191-1009
luiz@lcvconsulting.com",,,,,
CE,TODO ESTADO,X,1100/1200,162_E P BAGRE REPRES,"EWERTON BAGRE
85 99114-0070
ewertonbagre@gmail.com",,,,"LEANDRA
85 98691-2301
epbagrerep@gmail.com",
DF,TODO DISTRITO,X,1100,020_REGIÃO DE BRASÍLIA,"VANDOIR LUIZ BENTZ
61 99988-0228
vandoir.bentz@herval.com.br",,,,"ADILSON ALVES JUSTO
61 99988-0141
61 3964-9311
escritorio.df@herval.com.br
adilson.justo@herval.com.br","CLEIDE FERNANDA S. BENTZ
61 99943-2399
61 3964-9311
escritorio.df@herval.com.br
cleide.bentz@herval.com.br"
ES,TODO ESTADO,X,1100,094_SHP REPRES,"LENA POLEZE
27 99971-4829
shp.vix@gmail.com",,,,,
ES,TODO ESTADO,,1100,219_LUPA MINAS REPRES,"LUIZ GUSTAVO SILVEIRA DUARTE
14 99810-6300
lupaminas@gmail.com",,,,,
GO,TODO ESTADO,X,1100/1200,101_REGIÃO GO/TO,"RODRIGO ROSSA DONGA
62 99190-7860
rodrigo.donga@herval.com.br","ANDERSON KRAUSE
62 99227-9235
anderson.krause@herval.com.br","MARCO ANTONIO UTZIG
62 99955-0213
marco.utzig@herval.com.br",,"JANAINA DE SOUZA
escritorio.go@herval.com.br
janaina.souza@herval.com.br
62 99224-3646 ","JENIFER TAUANE DE LIMA LOPES 
escritorio.go@herval.com.br
jenifer.lopes@herval.com.br
62 99224-3646"
MA,TODO ESTADO,X,1100/1200,014_I.F.LIMA REPR,"IRIS FARIAS LIMA GALVÃO PEREIRA
91 98011-3738
iris@iflima.com.br","LURDES CRISTINA SILVA PEREIRA
91 98133-3190
lurdescp@gmail.com","IVAN PEREIRA
99 98222-1715 ivanlima.vendas@yahoo.com.br",,"COMERCIAL
DENILSON DUARTE / SAMARA MELO
GABRIELE BRANDÃO
91 99635-7117 (whats)
91 98152-0665 / 99144-1015
91 3249-4448/7773
administrativo@iflima.com.br
comercial@iflima.com.br
vendas@iflima.com.br","ASSISTÊNCIA
ADEMIR PANTALEÃO
KASSIA AGUIAR
91 98125-9890
91 3249-4448
assistencia@iflima.com.br"
MA,TODO ESTADO,,1100,173_LCV REPRES LTDA,"LUIZ CARLOS SFOGGIA
71 99191-1009
luiz@lcvconsulting.com",,,,,
MG,TRIANGULO MINEIRO,X,1100,235_INTERIOR SP,"TIAGO LOURENCO ENGELMANN
51 99992-3567
tiago.engelmann@herval.com.br","ADILSON BRIZOLA CARDOSO
16 99744-2128
adilson.cardoso@herval.com.br","ARNALDO VIANNA JUNIOR
19 99753-4592
arnaldo.junior@herval.com.br","EDUARDO JOSE DA SILVA
19 99790-5346
eduardo.essilva@herval.com.br","LAIS DE SOUZA TEIXEIRA
19 99790-5341
escritorio.interiorsp@herval.com.br
 lais.teixeira@herval.com.br","NATHAN SCHWAB SALING
19 99790-5341
escritorio.interiorsp@herval.com.br
nathan.saling@herval.com.br"
MG,TODO ESTADO (MENOS TRIANGULO MINEIRO),X,1100,104_REGIAO MG,"JONATAN BORDIN
31 98269-8725
jonatan.bordin@herval.com.br","GUSTAVO ASSMANN SCHNEIDER
31 99719-7372
gustavo.schneider@herval.com.br",,,"CLAUDIA GODOY
31 98271-1908
escritorio.mg@herval.com.br
claudia.godoy@herval.com.br",
MS,TODO ESTADO,X,1100,106_REGIÃO MS/MT,"LUIS CARLOS BUENO STEIN
67 99635-2368
luis.stein@herval.com.br","ROBERTO CARLOS KNIPHOFF
67 99827-7092
roberto.kniphoff@herval.com.br",,,"KEVIN VINICIUS SCHNEIDER
65 99675-7797
escritorio.interiormt@herval.com.br
kevin.schneider@herval.com.br",
MT,TODO ESTADO,X,1100,106_REGIÃO MS/MT,"LUIS CARLOS BUENO STEIN
67 99635-2368
luis.stein@herval.com.br","ROBERTO CARLOS KNIPHOFF
67 99827-7092
roberto.kniphoff@herval.com.br",,,"KEVIN VINICIUS SCHNEIDER
65 99675-7797
escritorio.interiormt@herval.com.br
kevin.schneider@herval.com.br",
PA,TODO ESTADO,X,1100/1200,014_I.F.LIMA REPR,"IRIS FARIAS LIMA GALVÃO PEREIRA
91 98011-3738
iris@iflima.com.br","LURDES CRISTINA SILVA PEREIRA
91 98133-3190
lurdescp@gmail.com","IVAN PEREIRA
99 98222-1715 ivanlima.vendas@yahoo.com.br",,"COMERCIAL
DENILSON DUARTE / SAMARA MELO
GABRIELE BRANDÃO
91 99635-7117 (whats)
91 98152-0665 / 99144-1015
91 3249-4448/7773
administrativo@iflima.com.br
comercial@iflima.com.br
vendas@iflima.com.br","ASSISTÊNCIA
ADEMIR PANTALEÃO
KASSIA AGUIAR
91 98125-9890
91 3249-4448
assistencia@iflima.com.br"
PB,TODO ESTADO,X,1100/1200,093_CRUZEIRO MER REP ME,"MARCOS
83 99885-0303
ma_oliveira63@hotmail.com","CARLOS
88 98867-8681",,,"LUZINETE
83 98890-9149
representacaomr@gmail.com",
PB,TODO ESTADO,,1100,199_SC REPRES LTDA,"SIRLENE CARVALHO
83 99301-3823
screpresentacoes@hotmail.com",,,,"CAROL
83 99169-9797
screpresentacoes@hotmail.com",
PE,INTERIOR E AGRESTE,X,1100/1200,171_NILVAN REPRES,"NILVAN
87 99971-9999
nilvan28@gmail.com",,,,"EDILEUZA BURGOS
87 99617-8991
nilvanrepresentacoes@hotmail.com",
PE,"RECIFE, GRANDE RECIFE E AGRESTE",X,1100/1200,170_ESCRITORIO PE,"GUSTAVO ROSSA DONGA
81 98280-1990
gustavo.donga@herval.com.br","RENNÊ HIAGO SILVA TORRES
81 98166-6872 
renne.torres@herval.com.br","JAIRO DA SILVA GOMES
81 98951-6952
jairo.gomes@herval.com.br",,"JAIRO DA SILVA PESSOA
81 98147-4149
jairo.pessoa@herval.com.br",
PI,TODO ESTADO,X,1100/1200,157_ABC COMERCIO/REPRES,"CRISTIANO CANTI
86 99981-2719
cristianocanti@yahoo.com.br
abcrepresentacoes@yahoo.com",,,,"WESLEY EDILSON ALVES DA SILVA 
81 98227-0576
wesley.wssilva@herval.com.br",
PI,TODO ESTADO,,1100,173_LCV REPRES LTDA,"LUIZ CARLOS SFOGGIA
71 99191-1009
luiz@lcvconsulting.com",,,,,
PR,NORTE PR,X,1100,174_REGIÃO NORTE PR,"JARDEL ANDRADE
51 99398-0403
jardel.andrade@herval.com.br",,,,"TATIELLE NIENOW IGLESSIAS  
44 99142-7395
escritorio.nortepr@herval.com.br
tatielle.iglessias@herval.com.br",
PR,OESTE PR,X,1100,109_REGIÃO OESTE SC/PR,"TIAGO SPHOR
49 99148-9978
tiago.spohr@herval.com.br","GUSTAVO ZWIRTES CIOTTI
45 99117-7302
gustavo.ciotti@herval.com.br",,,"VINICIUS CAMARGO BRANDAO
49 98840-3295
escritorio.oestescpr@herval.com.br
vinicius.brandao@herval.com.br",
PR,REGIÃO METROPOLITANA E LITORAL,X,1100,213_ESCRITÓRIO PR/CURITIBA,"DIONATA PONTES
41 99125-8284
dionata.pontes@herval.com.br","JOSSILDO DOS SANTOS OLIVEIRA
41 98705-5851
jossildo.oliveira@herval.com.br",,,"THIAGO DA CRUZ
41 99129-9948
escritorio.curitiba@herval.com.br
thiago.cruz@herval.com.br",
PR,REGIÃO METROPOLITANA E LITORAL,,1100,191_FRI REPRES,"RUBENS FRANZINER
47 99973-5223
fri.vendas@gmail.com",,,,"FABIANE M.B. FRANZINER
47 99905-2004
fri.vendas@gmail.com",
RJ,TODO ESTADO,X,1100,167/132_RIO DE JANEIRO,"JOSE FELIPE BACKES
21 97547-7606
jose.fbackes@herval.com.br",,,,"DEISE ALINE RECKTENWALDT
21 98862-1447
escritorio.rj@herval.com.br
deise.recktenwaldt@herval.com.br",
RN,TODO ESTADO,X,1100/1200,214_ESCRÍTOR. CAPITAL RN,"JOSE ALLAN SALUSTIANO DA SILVA
84 98153-2103
allan.silva@herval.com.br",,,,"AMANDA EDUARDA SILVA MARANCHELLI
51 99311-2135
amanda.maranchelli@herval.com.br",
RN,TODO ESTADO,,1100,199_SC REPRES LTDA,"SIRLENE CARVALHO
83 99301-3823
screpresentacoes@hotmail.com",,,,"CAROL
83 99169-9797
screpresentacoes@hotmail.com",
RO,TODO ESTADO,X,1100,211_VVR E CIA LTDA,"VANUSA VILELA REZENDE
68 98112-3755
vanusa@vvr.net.br ",,,,"KARINA
68 99226-1735
herval@vvr.net.br",
RR,TODO ESTADO,X,1100/1200,023_DIRETO ,"Lojista Exclusivo LOJAS PERIN (1627037)
 95 3621-4839 / 3621-4845",,,,,
RS,"UULTIS - TODO RS
HERVAL - REGIÃO METROPOLITANA Poa, LITORAL RS",,1100/1200,194_ESCRITÓRIO POA,"DANIEL HENRIQUE GUTH
51 98939-3975
daniel.guth@herval.com.br ","WILLIAN KASPER
51 99152-2141
willian.kasper@herval.com.br",,,"SAMARA GIEHL
51 99592-0536
escritorio.poamoveis@herval.com.br
samara.giehl@herval.com.br",
RS,"SERRA, CAMPANHA, NORTE, LITORAL SUL",X,1100,001_JAMI REPRENTAÇÕES,"JAIMINHO
51 99977-2793
jamirep.jaime@outlook.com.br","JONATHAN HOLLER
51 99963-8352
hollerjami@hotmail.com",,,"JACSON
51 3564-1258
jamirep@outlook.com.br",
RS,MISSÕES,X,1100,108_REGIÃO MISSÕES,"JAIR LOEBENS
55 99641-9055
jair.loebens@herval.com.br",,,,"NEIVA MARIA LANG
55 99620-9365
escritorio.missoes@herval.com.br
neiva.lang@herval.com.br",
RS,LITORAL NORTE RS,X,1100,220_DARLEI LIMA,"DARLEI LIMA 
+55 51 9850-4271 
darlei.lima@herval.com.br",,,,"ADEMIR FALEIRO
+55 51 9558-2519
escritorio.litoralrs@herval.com.br",
SC,HERVAL e UULTIS -  SUL DE SC,,1100/1200,194_ESCRITÓRIO POA,"DANIEL HENRIQUE GUTH
51 98939-3975
daniel.guth@herval.com.br ","WILLIAN KASPER
51 99152-2141
willian.kasper@herval.com.br",,,"SAMARA GIEHL
51 99592-0536
escritorio.poamoveis@herval.com.br
samara.giehl@herval.com.br",
RS,REGIÃO POA METROPOLITANA,X,1100,195_GUILHERME LAUXEN,"GUILHERME LAUXEN 
 +55 51 9653-5067
carlos.lauxen@herval.com.br",,,,"JAQUELINE HERMANN
+55 51 9921-1921
escritorio.poacolchoes@herval.com.br",
SC,"GRANDE FLORIANÓPOLIS, VALE DO ITAJAÍ, SERRA E PLANALTO NORTE",,1100,191_FRI REPRES,"RUBENS FRANZINER
47 99973-5223
fri.vendas@gmail.com",,,,"FABIANE M.B. FRANZINER
47 99905-2004
fri.vendas@gmail.com",
SE,TODO ESTADO,X,1100/1200,171_NILVAN REPRES,"GLEYSON
87 99996-1316
gleysonmarques@hotmail.com",,,,"POLLYANA BERNARDO
87 98109-8496
nilvanrepresentacoesherval@hotmail.com",
SE,TODO ESTADO,,1100,173_LCV REPRES LTDA,"LUIZ CARLOS SFOGGIA
71 99191-1009
luiz@lcvconsulting.com",,,,,
SC,OESTE SC,X,1100,109_REGIÃO OESTE SC/PR,"TIAGO SPHOR
49 99148-9978
tiago.spohr@herval.com.br","GUSTAVO ZWIRTES CIOTTI
45 99117-7302
gustavo.ciotti@herval.com.br",,,"VINICIUS CAMARGO BRANDAO
49 98840-3295
escritorio.oestescpr@herval.com.br
vinicius.brandao@herval.com.br",
SP,REDES,X,1100/1200,073_DAURICIO ASSESSORIA ,"RICARDO 
11 99656-5544",,,,"KLEIDE LIMA
 11 99760-7681 
cadastro@dauricio.com.br
comercial@dauricio.com.br","RAUL
11 97161-0137
vendas@dauricio.com.br"
SC,"GRANDE FLORIANÓPOLIS, VALE DO ITAJAÍ, SERRA E PLANALTO NORTE",X,1100,196_TIAGO ALVES REPRES,"TIAGO ALVES
47 99612-0008
tiago@tarepresentacoes.com.br","WILLIAN COSTA
47 99284-5566
willian@tarepresentacoes.com.br",,,"ELIEGE CORREIA
47 99166-2233
eliege@tarepresentacoes.com.br","CASSIA GONÇALVES
47 99255-4774
cassia@tarepresentacoes.com.br"
SP,INTERIOR SP,X,1100,235_INTERIOR SP,"TIAGO LOURENCO ENGELMANN
51 99992-3567
tiago.engelmann@herval.com.br","ADILSON BRIZOLA CARDOSO
16 99744-2128
adilson.cardoso@herval.com.br","ARNALDO VIANNA JUNIOR
19 99753-4592
arnaldo.junior@herval.com.br","EDUARDO JOSE DA SILVA
19 99790-5346
eduardo.essilva@herval.com.br","LAIS DE SOUZA TEIXEIRA
19 99790-5341
escritorio.interiorsp@herval.com.br
 lais.teixeira@herval.com.br","NATHAN SCHWAB SALING
19 99790-5341
escritorio.interiorsp@herval.com.br
nathan.saling@herval.com.br"
SP,REDES,X,1100,004_INTELIGENTTIA REPRES,"FERNANDO FIEBIG 
11 99622-5713
fiebigmc@terra.com.br",,,,,
SP,ZONA SUL E OESTE SP CAPITAL,X,1100,223_GEORGE SANTANA,"GEORGE DOS SANTOS SANTANA
11 99623-5166
george.santana@herval.com.br",,,,"KATIA ZANQUIM SANTANA
11 99789-4469 
katia.santana@herval.com.br",
SP,REGIÃO DO ABCD E GRANDE ABC,X,1100,075_JOSE D. CARLOS SANTOS,"JOSE D. CARLOS SANTOS
11 99620-5547
jose.santos@herval.com.br",,,,"WELLINGTON OLIVEIRA SILVA
11 93090-9776
wellington.osilva@herval.com.br ",
SP,ZONA LESTE E NORTE SP CAPITAL,X,1100,074_JULIO SOUZA FREIRE,"JULIO SOUZA FREIRE
11 99646-9509
julio.freire@herval.com.br","ROBSON CORREA DOS REIS
11 98021-3086
robson.reis@herval.com.br",,,"SHEILA SANTOS CORTE
11 96185-1172
sheila.corte@herval.com.br",
SP,BAIXADA SANTISTA,X,1100,072_MSS REPRES,"VERA LIMA 
13 99746-0707
veraelima2668@gmail.com",,,,,
TO,TODO ESTADO,X,1100/1200,101_REGIÃO GO/TO,"RODRIGO ROSSA DONGA
62 99190-7860
rodrigo.donga@herval.com.br","ANDERSON KRAUSE
62 99227-9235
anderson.krause@herval.com.br","MARCO ANTONIO UTZIG
62 99955-0213
marco.utzig@herval.com.br",,"JANAINA DE SOUZA
escritorio.go@herval.com.br
janaina.souza@herval.com.br
62 99224-3646 ","JENIFER TAUANE DE LIMA LOPES 
escritorio.go@herval.com.br
jenifer.lopes@herval.com.br
62 99224-3646"
